{"count":1,"self":120.2431488,"total":121.0890099,"children":{"AgentResetIfDone":{"count":3957,"self":0.1710904,"total":0.1710904,"children":null},"AgentSendState":{"count":3957,"self":0.086525499999999991,"total":0.0946559,"children":{"CollectObservations":{"count":123,"self":0.0081304,"total":0.0081304,"children":null}}},"DecideAction":{"count":3957,"self":0.4434413,"total":0.4434413,"children":null},"AcademyStep":{"count":3957,"self":0.039658099999999995,"total":0.039658099999999995,"children":null},"AgentAct":{"count":3957,"self":0.0930222,"total":0.0930222,"children":null}}}