{"cameraMode":{"drawMode":0,"name":"Shaded","section":"Shading Mode"},"sceneLighting":false,"audioPlay":false,"sceneViewState":{"showFog":true,"showMaterialUpdate":false,"showSkybox":false,"showFlares":true,"showImageEffects":true,"showParticleSystems":true},"in2DMode":false,"pivot":{"x":4.999996185302734,"y":0.8166274428367615,"z":0.01758219301700592},"rotation":{"x":0.0028652988839894535,"y":0.9963746070861816,"z":-0.0763716772198677,"w":0.037381600588560107},"size":4.10007381439209,"orthographic":false}