{"cameraMode":{"drawMode":0,"name":"Shaded","section":"Shading Mode"},"sceneLighting":false,"audioPlay":false,"sceneViewState":{"showFog":true,"showMaterialUpdate":false,"showSkybox":false,"showFlares":true,"showImageEffects":true,"showParticleSystems":true},"in2DMode":false,"pivot":{"x":16.108564376831056,"y":-8.6588134765625,"z":-20.00434112548828},"rotation":{"x":0.00200993032194674,"y":0.9763344526290894,"z":-0.21608304977416993,"w":0.009081218391656876},"size":62.28791427612305,"orthographic":false}