{"cameraMode":{"drawMode":0,"name":"Shaded","section":"Shading Mode"},"sceneLighting":false,"audioPlay":false,"sceneViewState":{"showFog":true,"showMaterialUpdate":false,"showSkybox":false,"showFlares":true,"showImageEffects":true,"showParticleSystems":true},"in2DMode":false,"pivot":{"x":0.6869999766349793,"y":1.3990000486373902,"z":0.026000000536441804},"rotation":{"x":-0.0011492606718093157,"y":0.9961137771606445,"z":-0.08719214051961899,"w":-0.013148324564099312},"size":0.5715768337249756,"orthographic":false}